{
    "baseline": [
        {
            "avg_reward": -0.832959693958338,
            "avg_blackouts": 1.6666666666666667,
            "avg_imbalance": 0.026478960489233334,
            "avg_stability": 0.38888888888888884,
            "avg_reputation": 0.802221934000651,
            "honesty_violations": 3,
            "misreporting_rate": 0.3333333333333333,
            "coalition_rate": 0.3159973978996277,
            "delayed_failures": 0,
            "avg_misreporting": 0.3333333333333333,
            "avg_coalition_rate": 0.3160313780109088,
            "avg_delayed_failures": 0.0,
            "scenario_type": "unstable"
        },
        {
            "avg_reward": -0.06588518528615155,
            "avg_blackouts": 2.6666666666666665,
            "avg_imbalance": 0.037192300582925476,
            "avg_stability": 0.27777777777777773,
            "avg_reputation": 1.97999906539917,
            "honesty_violations": 0,
            "misreporting_rate": 0.0,
            "coalition_rate": 0.6042604823907216,
            "delayed_failures": 0,
            "avg_misreporting": 0.0,
            "avg_coalition_rate": 0.6135706558823586,
            "avg_delayed_failures": 0.0,
            "scenario_type": "high_demand"
        },
        {
            "avg_reward": -0.47377594051264516,
            "avg_blackouts": 2.0,
            "avg_imbalance": 0.03958055439094702,
            "avg_stability": 0.3333333333333333,
            "avg_reputation": 1.6466656525929768,
            "honesty_violations": 0,
            "misreporting_rate": 0.0,
            "coalition_rate": 0.4152804056803386,
            "delayed_failures": 0,
            "avg_misreporting": 0.0,
            "avg_coalition_rate": 0.4846242785453796,
            "avg_delayed_failures": 0.0,
            "scenario_type": "unstable"
        }
    ],
    "selfish": [
        {
            "avg_reward": -0.2929873043369942,
            "avg_blackouts": 0.0,
            "avg_imbalance": 0.011642388999462128,
            "avg_stability": 1.0,
            "avg_reputation": 1.97999906539917,
            "honesty_violations": 0,
            "misreporting_rate": 0.0,
            "coalition_rate": 0.4340741356213888,
            "delayed_failures": 0,
            "avg_misreporting": 0.0,
            "avg_coalition_rate": 0.43785838534434635,
            "avg_delayed_failures": 0.0,
            "scenario_type": "unstable"
        },
        {
            "avg_reward": 0.7432693590291503,
            "avg_blackouts": 0.0,
            "avg_imbalance": 0.011974644847214222,
            "avg_stability": 1.0,
            "avg_reputation": 1.97999906539917,
            "honesty_violations": 0,
            "misreporting_rate": 0.0,
            "coalition_rate": 0.6974216560522715,
            "delayed_failures": 0,
            "avg_misreporting": 0.0,
            "avg_coalition_rate": 0.7024438098073006,
            "avg_delayed_failures": 0.0,
            "scenario_type": "high_demand"
        },
        {
            "avg_reward": -0.49877842784962473,
            "avg_blackouts": 0.3333333333333333,
            "avg_imbalance": 0.06634844467043877,
            "avg_stability": 0.8333333333333334,
            "avg_reputation": 1.97999906539917,
            "honesty_violations": 0,
            "misreporting_rate": 0.0,
            "coalition_rate": 0.20880131721496584,
            "delayed_failures": 0,
            "avg_misreporting": 0.0,
            "avg_coalition_rate": 0.20447700073321662,
            "avg_delayed_failures": 0.0,
            "scenario_type": "unstable"
        }
    ],
    "coordinated": [
        {
            "avg_reward": 0.16394850028144817,
            "avg_blackouts": 0.0,
            "avg_imbalance": 0.012465398448208967,
            "avg_stability": 0.8333333333333334,
            "avg_reputation": 1.97999906539917,
            "honesty_violations": 0,
            "misreporting_rate": 0.0,
            "coalition_rate": 0.5583046515782675,
            "delayed_failures": 0,
            "avg_misreporting": 0.0,
            "avg_coalition_rate": 0.5710815653204918,
            "avg_delayed_failures": 0.0,
            "scenario_type": "unstable"
        },
        {
            "avg_reward": 0.7436658382103123,
            "avg_blackouts": 0.0,
            "avg_imbalance": 0.013921068670849005,
            "avg_stability": 1.0,
            "avg_reputation": 1.97999906539917,
            "honesty_violations": 0,
            "misreporting_rate": 0.0,
            "coalition_rate": 0.6903337558110555,
            "delayed_failures": 0,
            "avg_misreporting": 0.0,
            "avg_coalition_rate": 0.6805294747153917,
            "avg_delayed_failures": 0.0,
            "scenario_type": "high_demand"
        },
        {
            "avg_reward": -0.53217960578425,
            "avg_blackouts": 1.0,
            "avg_imbalance": 0.07001915574073792,
            "avg_stability": 0.5,
            "avg_reputation": 1.97999906539917,
            "honesty_violations": 0,
            "misreporting_rate": 0.0,
            "coalition_rate": 0.1915877858797709,
            "delayed_failures": 0,
            "avg_misreporting": 0.0,
            "avg_coalition_rate": 0.1978720153371493,
            "avg_delayed_failures": 0.0,
            "scenario_type": "unstable"
        }
    ],
    "advanced": [
        {
            "avg_reward": 0.2020849244803665,
            "avg_blackouts": 0.0,
            "avg_imbalance": 0.013742840848863125,
            "avg_stability": 1.0,
            "avg_reputation": 1.97999906539917,
            "honesty_violations": 0,
            "misreporting_rate": 0.0,
            "coalition_rate": 0.6086135546366375,
            "delayed_failures": 0,
            "avg_misreporting": 0.0,
            "avg_coalition_rate": 0.6193507100145023,
            "avg_delayed_failures": 0.0,
            "scenario_type": "unstable"
        },
        {
            "avg_reward": 0.7704760713758483,
            "avg_blackouts": 0.0,
            "avg_imbalance": 0.015603947453200817,
            "avg_stability": 1.0,
            "avg_reputation": 1.97999906539917,
            "honesty_violations": 0,
            "misreporting_rate": 0.0,
            "coalition_rate": 0.7326518495877584,
            "delayed_failures": 0,
            "avg_misreporting": 0.0,
            "avg_coalition_rate": 0.7305499980847042,
            "avg_delayed_failures": 0.0,
            "scenario_type": "high_demand"
        },
        {
            "avg_reward": -0.39198402529122306,
            "avg_blackouts": 0.0,
            "avg_imbalance": 0.06039449448386828,
            "avg_stability": 0.8333333333333334,
            "avg_reputation": 1.97999906539917,
            "honesty_violations": 0,
            "misreporting_rate": 0.0,
            "coalition_rate": 0.2878096123536428,
            "delayed_failures": 0,
            "avg_misreporting": 0.0,
            "avg_coalition_rate": 0.2957854469617207,
            "avg_delayed_failures": 0.0,
            "scenario_type": "unstable"
        }
    ]
}