{
    "no_reputation": {
        "avg_reward": 0.14163996090171774,
        "avg_blackouts": 0.38666666666666666,
        "avg_stability": 0.7566666666666667,
        "avg_misreporting": 0.0,
        "avg_coalition": 0.5069126595722305
    },
    "no_negotiation": {
        "avg_reward": 0.14163995941927682,
        "avg_blackouts": 0.38666666666666666,
        "avg_stability": 0.7566666666666667,
        "avg_misreporting": 0.0,
        "avg_coalition": 0.5069126571085718
    },
    "no_memory": {
        "avg_reward": 0.14163995941927682,
        "avg_blackouts": 0.38666666666666666,
        "avg_stability": 0.7566666666666667,
        "avg_misreporting": 0.0,
        "avg_coalition": 0.5069126571085718
    },
    "full_system": {
        "avg_reward": 0.14163995941927682,
        "avg_blackouts": 0.38666666666666666,
        "avg_stability": 0.7566666666666667,
        "avg_misreporting": 0.0,
        "avg_coalition": 0.5069126571085718
    }
}