{
    "num_episodes": 50,
    "statistics": {
        "reward": {
            "mean": -8.070412288907642,
            "std": 31.247425519112134,
            "min": -75.01727071284688,
            "max": 46.155595446073725
        },
        "blackouts": {
            "mean": 58.48,
            "std": 18.042438859533377
        },
        "stability": {
            "mean": 0.5014333333333333,
            "std": 0.10490949009079736
        }
    },
    "raw_data": {
        "rewards": [
            -12.08859483752035,
            -0.9522559323082669,
            -4.72487080212108,
            -0.9913210885913415,
            15.618561262247683,
            -30.024019707830202,
            -30.90989503894854,
            3.996748158632171,
            -2.1711678946271427,
            43.478911614224394,
            32.29716198886799,
            -27.577043268158665,
            36.28161792622854,
            -50.97601333173819,
            27.85839461872256,
            -39.204686380883714,
            29.092621483518577,
            -55.51488732037895,
            -17.254188980437384,
            -62.36523835803396,
            -33.566106744904246,
            -32.1878136448847,
            32.55425520845009,
            30.644098099926712,
            26.87888426421127,
            -18.388506748934027,
            -65.18190468227375,
            -75.01727071284688,
            -36.00083970486488,
            24.451652348715623,
            -43.281271223401184,
            3.6176370959495054,
            2.5053968198592997,
            -7.897496203299759,
            29.38790378890079,
            4.678806764281254,
            -38.85104611042943,
            25.91104815013553,
            -43.23421944669314,
            -2.5011154120726484,
            -53.297542166297546,
            -36.21888945258047,
            -7.782352801332394,
            46.155595446073725,
            5.192385465992716,
            -4.083244527115431,
            -21.2985352437611,
            -10.622780099708852,
            27.198981714862896,
            12.843841201794694
        ],
        "blackouts": [
            55.0,
            58.0,
            58.0,
            55.0,
            44.0,
            72.0,
            72.0,
            51.0,
            56.0,
            29.0,
            36.0,
            71.0,
            35.0,
            80.0,
            39.0,
            74.0,
            41.0,
            89.0,
            62.0,
            90.0,
            67.0,
            70.0,
            36.0,
            37.0,
            37.0,
            62.0,
            94.0,
            97.0,
            80.0,
            42.0,
            80.0,
            54.0,
            53.0,
            60.0,
            36.0,
            46.0,
            79.0,
            39.0,
            82.0,
            58.0,
            78.0,
            79.0,
            60.0,
            25.0,
            45.0,
            52.0,
            60.0,
            60.0,
            43.0,
            46.0
        ],
        "stabilities": [
            0.4716666666666666,
            0.49166666666666664,
            0.5216666666666666,
            0.4983333333333333,
            0.6216666666666666,
            0.41166666666666657,
            0.4016666666666666,
            0.5266666666666666,
            0.4766666666666666,
            0.6766666666666665,
            0.6333333333333333,
            0.45,
            0.645,
            0.38666666666666655,
            0.6166666666666667,
            0.39166666666666666,
            0.5766666666666665,
            0.35,
            0.4666666666666666,
            0.3349999999999999,
            0.4333333333333333,
            0.42166666666666663,
            0.6283333333333333,
            0.6666666666666665,
            0.6283333333333333,
            0.46833333333333327,
            0.33666666666666667,
            0.3233333333333333,
            0.4016666666666666,
            0.6033333333333333,
            0.3999999999999999,
            0.5233333333333333,
            0.5283333333333333,
            0.44833333333333336,
            0.6533333333333333,
            0.565,
            0.3933333333333333,
            0.6233333333333333,
            0.38666666666666666,
            0.53,
            0.38333333333333336,
            0.3766666666666666,
            0.47,
            0.7333333333333333,
            0.5583333333333332,
            0.5333333333333333,
            0.44166666666666665,
            0.455,
            0.6,
            0.6066666666666667
        ]
    }
}