{
    "num_episodes": 50,
    "metrics": {
        "reward": {
            "mean": -8.070412288907642,
            "std": 31.247425519112134,
            "min": -75.01727071284688,
            "max": 46.155595446073725
        },
        "blackouts": {
            "mean": 58.48,
            "std": 18.042438859533377
        },
        "stability": {
            "mean": 0.5014333333333333,
            "std": 0.10490949009079736
        }
    }
}