{
    "baseline": [
        {
            "avg_reward": -0.7866264084853086,
            "avg_blackouts": 2.3333333333333335,
            "avg_imbalance": 0.008584825477252403,
            "avg_stability": 0.3055555555555555,
            "avg_reputation": 1.3999994198481243,
            "honesty_violations": 0,
            "misreporting_rate": 0.0,
            "coalition_rate": 0.3333333333333333,
            "delayed_failures": 2,
            "avg_misreporting": 0.08333333333333333,
            "avg_coalition_rate": 0.25,
            "avg_delayed_failures": 2.0
        },
        {
            "avg_reward": 0.17544245633136601,
            "avg_blackouts": 1.0,
            "avg_imbalance": 0.018444607344766457,
            "avg_stability": 0.5555555555555555,
            "avg_reputation": 1.8466657400131226,
            "honesty_violations": 0,
            "misreporting_rate": 0.0,
            "coalition_rate": 0.3333333333333333,
            "delayed_failures": 2,
            "avg_misreporting": 0.0,
            "avg_coalition_rate": 0.5,
            "avg_delayed_failures": 2.0
        },
        {
            "avg_reward": 0.22927248905391648,
            "avg_blackouts": 0.6666666666666666,
            "avg_imbalance": 0.008930231531849131,
            "avg_stability": 0.6666666666666666,
            "avg_reputation": 1.97999906539917,
            "honesty_violations": 0,
            "misreporting_rate": 0.0,
            "coalition_rate": 0.3333333333333333,
            "delayed_failures": 0,
            "avg_misreporting": 0.0,
            "avg_coalition_rate": 0.25,
            "avg_delayed_failures": 0.0
        }
    ],
    "selfish": [
        {
            "avg_reward": 0.670880163462671,
            "avg_blackouts": 1.0,
            "avg_imbalance": 0.007814245143284401,
            "avg_stability": 0.5,
            "avg_reputation": 1.97999906539917,
            "honesty_violations": 0,
            "misreporting_rate": 0.0,
            "coalition_rate": 1.0,
            "delayed_failures": 0,
            "avg_misreporting": 0.0,
            "avg_coalition_rate": 1.0,
            "avg_delayed_failures": 0.0
        },
        {
            "avg_reward": 0.4956455699015945,
            "avg_blackouts": 1.3333333333333333,
            "avg_imbalance": 0.0023632237377266088,
            "avg_stability": 0.4444444444444444,
            "avg_reputation": 1.97999906539917,
            "honesty_violations": 0,
            "misreporting_rate": 0.0,
            "coalition_rate": 1.0,
            "delayed_failures": 0,
            "avg_misreporting": 0.0,
            "avg_coalition_rate": 1.0,
            "avg_delayed_failures": 0.0
        },
        {
            "avg_reward": 0.6408493988464237,
            "avg_blackouts": 0.0,
            "avg_imbalance": 0.04019168143471082,
            "avg_stability": 1.0,
            "avg_reputation": 1.97999906539917,
            "honesty_violations": 0,
            "misreporting_rate": 0.0,
            "coalition_rate": 0.0,
            "delayed_failures": 0,
            "avg_misreporting": 0.0,
            "avg_coalition_rate": 0.0,
            "avg_delayed_failures": 0.0
        }
    ],
    "coordinated": [
        {
            "avg_reward": 0.5075825759815229,
            "avg_blackouts": 0.6666666666666666,
            "avg_imbalance": 0.00891587013999621,
            "avg_stability": 0.611111111111111,
            "avg_reputation": 1.97999906539917,
            "honesty_violations": 0,
            "misreporting_rate": 0.0,
            "coalition_rate": 0.6666666666666666,
            "delayed_failures": 2,
            "avg_misreporting": 0.0,
            "avg_coalition_rate": 0.75,
            "avg_delayed_failures": 2.0
        },
        {
            "avg_reward": 0.5699783965950019,
            "avg_blackouts": 1.0,
            "avg_imbalance": 0.03518557424346606,
            "avg_stability": 0.611111111111111,
            "avg_reputation": 1.97999906539917,
            "honesty_violations": 0,
            "misreporting_rate": 0.0,
            "coalition_rate": 0.0,
            "delayed_failures": 0,
            "avg_misreporting": 0.0,
            "avg_coalition_rate": 0.0,
            "avg_delayed_failures": 0.0
        },
        {
            "avg_reward": 0.5840506343685479,
            "avg_blackouts": 0.0,
            "avg_imbalance": 0.05653959016005198,
            "avg_stability": 0.8333333333333334,
            "avg_reputation": 1.97999906539917,
            "honesty_violations": 0,
            "misreporting_rate": 0.0,
            "coalition_rate": 0.0,
            "delayed_failures": 2,
            "avg_misreporting": 0.0,
            "avg_coalition_rate": 0.0,
            "avg_delayed_failures": 2.0
        }
    ],
    "advanced": [
        {
            "avg_reward": 0.8344442177371101,
            "avg_blackouts": 0.0,
            "avg_imbalance": 0.001865518531606843,
            "avg_stability": 0.8333333333333334,
            "avg_reputation": 1.97999906539917,
            "honesty_violations": 0,
            "misreporting_rate": 0.0,
            "coalition_rate": 1.0,
            "delayed_failures": 0,
            "avg_misreporting": 0.0,
            "avg_coalition_rate": 1.0,
            "avg_delayed_failures": 0.0
        },
        {
            "avg_reward": 0.3968473695494563,
            "avg_blackouts": 0.0,
            "avg_imbalance": 0.015275717402497927,
            "avg_stability": 0.8333333333333334,
            "avg_reputation": 1.97999906539917,
            "honesty_violations": 0,
            "misreporting_rate": 0.0,
            "coalition_rate": 0.3333333333333333,
            "delayed_failures": 2,
            "avg_misreporting": 0.0,
            "avg_coalition_rate": 0.25,
            "avg_delayed_failures": 2.0
        },
        {
            "avg_reward": 0.6665275191325186,
            "avg_blackouts": 0.0,
            "avg_imbalance": 0.05501622334122658,
            "avg_stability": 1.0,
            "avg_reputation": 1.97999906539917,
            "honesty_violations": 0,
            "misreporting_rate": 0.0,
            "coalition_rate": 0.0,
            "delayed_failures": 0,
            "avg_misreporting": 0.0,
            "avg_coalition_rate": 0.0,
            "avg_delayed_failures": 0.0
        }
    ]
}